,data1,data2,data3,data4,data5,data6,data7,data8,data9,data10,data11,data12,data13,data14,data15,data16,data17,data18,data19,data20,data21,data22,data23,data24,data25,data26,data27,data28,data29,data30,data31,data32,data33,data34,data35,data36,data37,data38,data39,data40,data41,data42,data43,data44,data45,data46,data47,data48,data49,data50,data51,data52,data53,data54,data55,data56,data57,data58,data59,data60,data61,data62,data63,data64,data65,data66,data67,data68,data69,data70,data71,data72,data73,data74,data75,data76,data77,data78,data79,data80,data81,data82,data83,data84,data85,data86,data87,data88,data89,data90,data91,data92,data93,data94,data95,data96,data97,data98,data99,data100,
0=10,-0.200000,0.000000,0.000000,-0.100000,-0.100000,-0.524300,-0.480613,0.055385,-0.506310,-0.317262,-0.411039,-0.557855,-0.365340,-0.513583,0.039853,0.094017,-0.143421,0.065522,0.049991,-0.517336,-0.477794,-0.487896,-0.555913,-0.353124,-0.339929,-0.351352,-0.335474,0.037811,-0.103298,-0.106851,-0.369032,-0.246699,-0.371356,-0.349854,-0.449375,-0.228091,-0.259253,-0.331173,-0.344696,-0.153811,-0.317262,-0.175654,-0.324665,-0.098964,-0.513589,-0.058033,-0.058527,0.041824,-0.240169,-0.247778,-0.100000,-0.311330,0.000000,0.000000,-0.299848,0.000000,0.000000,-0.287375,0.000000,-0.282566,-0.022714,0.000000,0.000000,0.000000,-0.411924,0.000000,0.000000,-0.273376,-0.294175,-0.210829,-0.326797,-0.154708,-0.600341,-0.516916,-0.414450,-0.421348,-0.214592,-0.489475,-0.533795,-0.584357,0.560527,-0.467416,-0.463121,-0.357741,0.364615,-0.255539,-0.470857,-0.477523,-0.431546,-0.272525,-0.220913,-0.367416,-0.363121,-0.434780,-0.334478,-0.328091,-0.359253,-0.331173,-0.444696,-0.153811,-0.249620
0=20,-0.200000,0.000000,0.000000,-0.100000,-0.100000,-0.461750,-0.480613,0.075616,-0.506310,-0.317262,-0.369273,-0.557855,-0.333953,-0.363825,0.089672,0.151105,0.053822,0.077419,0.085108,-0.502157,-0.477794,-0.470172,-0.474702,-0.287563,-0.253059,-0.333271,-0.305394,0.078419,-0.072628,-0.076807,-0.185333,-0.134584,-0.309947,-0.269134,-0.360208,-0.124446,-0.226513,-0.121868,-0.344015,-0.099237,-0.317262,-0.175654,-0.324665,-0.098964,-0.513589,-0.058033,-0.058527,0.041824,-0.240169,-0.247778,-0.100000,-0.311330,0.000000,0.000000,-0.299848,0.000000,0.000000,-0.287375,0.000000,-0.252475,-0.022714,0.000000,0.000000,0.000000,-0.411924,0.000000,0.000000,-0.273376,-0.294175,-0.210829,-0.280106,0.050922,-0.449100,-0.462902,-0.364502,-0.389264,-0.214592,-0.454874,-0.491697,-0.584357,0.618120,-0.442537,-0.290671,-0.289589,0.532359,-0.229685,-0.306750,-0.385958,-0.285420,-0.216210,-0.155213,-0.342537,-0.190671,-0.308557,-0.322581,-0.224446,-0.326513,-0.121868,-0.444015,-0.099237,-0.205378
0=30,-0.200000,0.000000,0.000000,-0.100000,-0.100000,-0.382185,-0.327711,0.086713,-0.506310,-0.266438,-0.347189,-0.382624,-0.307297,-0.342877,0.098884,0.184470,0.091428,0.090001,0.100170,-0.480897,-0.361627,-0.446197,-0.460308,-0.259020,-0.242587,-0.322588,-0.280146,0.096864,-0.048228,-0.057768,-0.155104,-0.097791,-0.291554,-0.164975,-0.346906,-0.061793,-0.206431,-0.091758,-0.198051,-0.071429,-0.266438,-0.175654,-0.295123,-0.098964,-0.440802,-0.058033,-0.058527,0.041824,-0.240169,-0.247778,-0.100000,-0.311330,0.000000,0.000000,-0.201193,0.000000,0.000000,-0.287375,0.000000,-0.204767,0.050623,0.000000,0.000000,0.000000,-0.411924,0.000000,0.000000,-0.273376,-0.211863,-0.210829,-0.253401,0.087668,-0.429854,-0.445870,-0.337967,-0.367660,-0.214592,-0.425273,-0.466725,-0.517696,0.644132,-0.428351,-0.263638,-0.271763,0.556824,-0.214854,-0.274617,-0.297896,-0.268965,-0.184037,-0.142956,-0.328351,-0.163638,-0.291957,-0.309999,-0.161793,-0.306431,-0.091758,-0.298051,-0.071429,-0.177019
0=40,-0.200000,0.000000,0.000000,-0.100000,-0.100000,-0.372560,-0.303658,0.093580,-0.408476,-0.185450,-0.331260,-0.359738,-0.290970,-0.330763,0.114492,0.205139,0.110231,0.101015,0.108541,-0.465480,-0.304673,-0.429273,-0.440457,-0.241666,-0.239643,-0.314185,-0.265461,0.107401,-0.032843,-0.046287,-0.128881,-0.074787,-0.275596,-0.141682,-0.336834,-0.044310,-0.192746,-0.073250,-0.163664,-0.054421,-0.185450,-0.175654,-0.200016,-0.035584,-0.320555,0.009080,-0.058527,0.041824,-0.153657,-0.247778,-0.100000,-0.311330,0.000000,0.000000,-0.161923,0.000000,0.000000,-0.287375,0.000000,-0.189815,0.069474,0.000000,0.000000,0.000000,-0.254842,0.000000,0.000000,-0.213021,-0.134632,-0.210829,-0.238149,0.106761,-0.416794,-0.425729,-0.313301,-0.346271,-0.214592,-0.407271,-0.450195,-0.443589,0.658950,-0.420054,-0.250407,-0.263888,0.568809,-0.205610,-0.247656,-0.280520,-0.261059,-0.164752,-0.132333,-0.320054,-0.150407,-0.274731,-0.298985,-0.144310,-0.292746,-0.073250,-0.263664,-0.054421,-0.155494
0=50,-0.194205,0.000000,0.000000,-0.100000,-0.100000,-0.366785,-0.289284,0.098249,-0.378543,-0.175154,-0.311416,-0.347842,-0.279944,-0.322555,0.125898,0.219200,0.123566,0.111068,0.113869,-0.454537,-0.284796,-0.417488,-0.426070,-0.229999,-0.228029,-0.307620,-0.255857,0.114217,-0.022256,-0.038610,-0.109914,-0.058853,-0.264048,-0.127707,-0.320630,-0.034091,-0.182564,-0.058268,-0.143033,-0.042945,-0.175154,-0.071470,-0.172498,0.016055,-0.248407,0.030220,-0.023515,0.041824,-0.116740,-0.247778,-0.100000,-0.288895,0.000000,0.005795,-0.146029,0.000000,0.000000,-0.175183,0.000000,-0.180844,0.080818,0.000000,0.000000,0.000000,-0.191771,0.000000,0.000000,-0.154413,-0.123710,-0.188703,-0.228283,0.120312,-0.407766,-0.411313,-0.295874,-0.331946,-0.080074,-0.395169,-0.438509,-0.436159,0.668520,-0.414609,-0.242855,-0.256422,0.576521,-0.199662,-0.227692,-0.263536,-0.253411,-0.151903,-0.125098,-0.314609,-0.142855,-0.261091,-0.288932,-0.134091,-0.282564,-0.058268,-0.243033,-0.042945,-0.139607
0=60,-0.161838,0.000000,0.000000,-0.100000,-0.100000,-0.363507,-0.278429,0.101629,-0.369685,-0.170420,-0.296474,-0.339558,-0.271997,-0.316626,0.134599,0.229386,0.135324,0.118711,0.117558,-0.446368,-0.267846,-0.408810,-0.415165,-0.221618,-0.214374,-0.302793,-0.249086,0.118988,-0.014525,-0.033115,-0.095558,-0.047164,-0.255304,-0.118389,-0.308182,-0.026694,-0.174243,-0.044187,-0.129278,-0.034679,-0.170420,-0.044355,-0.159602,0.019759,-0.200309,0.044314,0.028594,0.053633,-0.112148,-0.209920,-0.100000,-0.194767,0.018723,0.038162,-0.138648,0.000000,0.000000,-0.111106,0.000000,-0.174863,0.088381,0.000000,0.008652,0.000000,-0.153899,0.000000,0.000000,-0.126180,-0.117216,-0.094068,-0.221378,0.130170,-0.401152,-0.400485,-0.282906,-0.321682,-0.032375,-0.386473,-0.429810,-0.431642,0.675210,-0.410636,-0.237495,-0.248102,0.591348,-0.195514,-0.212313,-0.246754,-0.240769,-0.142729,-0.119853,-0.310636,-0.137495,-0.250535,-0.281289,-0.126694,-0.274243,-0.044187,-0.229278,-0.034679,-0.126814
0=70,-0.138718,0.000000,0.000000,-0.100000,-0.093089,-0.362822,-0.268626,0.104189,-0.363359,-0.167718,-0.284817,-0.333032,-0.265997,-0.306253,0.141454,0.237104,0.146952,0.124717,0.120264,-0.440036,-0.253764,-0.402153,-0.406613,-0.215305,-0.203400,-0.299096,-0.244055,0.122514,-0.008632,-0.028987,-0.084313,-0.038223,-0.248453,-0.111624,-0.298320,-0.021093,-0.166477,-0.032954,-0.119454,-0.028441,-0.167718,-0.040169,-0.155295,0.023963,-0.165953,0.054380,0.040654,0.133386,-0.109061,-0.159532,-0.100000,-0.190539,0.032596,0.061282,-0.136642,0.000000,0.000000,-0.065336,0.000000,-0.170592,0.093783,0.000000,0.026842,0.013402,-0.126847,0.000000,0.000000,-0.103645,-0.107686,-0.089717,-0.216275,0.139067,-0.396098,-0.392053,-0.272881,-0.313966,-0.021697,-0.379924,-0.423082,-0.428416,0.680151,-0.403025,-0.233231,-0.239725,0.604229,-0.192457,-0.200103,-0.233037,-0.230535,-0.135850,-0.115692,-0.303025,-0.133231,-0.242121,-0.275283,-0.121093,-0.266477,-0.032954,-0.219454,-0.028441,-0.117738
0=80,-0.121378,0.014484,0.012467,-0.100000,-0.076048,-0.362291,-0.260796,0.106195,-0.358614,-0.165581,-0.275470,-0.327778,-0.261307,-0.295836,0.146995,0.243154,0.156553,0.129563,0.122333,-0.434985,-0.241878,-0.396885,-0.399728,-0.210380,-0.194389,-0.296172,-0.240171,0.125226,-0.003991,-0.025772,-0.075267,-0.031164,-0.242940,-0.105059,-0.290314,-0.015765,-0.160106,-0.023785,-0.112085,-0.023568,-0.165581,-0.037197,-0.152517,0.027232,-0.140186,0.061930,0.049699,0.133386,-0.108227,-0.140683,-0.100000,-0.193142,0.045387,0.078622,-0.134379,0.014484,0.012467,-0.031009,0.000000,-0.167344,0.097835,0.000000,0.036348,0.027820,-0.106558,0.014720,0.000000,-0.086038,-0.100010,-0.092116,-0.212350,0.148109,-0.389494,-0.385302,-0.264898,-0.307954,-0.022248,-0.374813,-0.417724,-0.426998,0.683949,-0.396953,-0.229093,-0.231488,0.614738,-0.190110,-0.190173,-0.221616,-0.222081,-0.130502,-0.112251,-0.296953,-0.129093,-0.235259,-0.270437,-0.115765,-0.260106,-0.023785,-0.212085,-0.023568,-0.110739
0=90,-0.107892,0.016886,0.012467,-0.100000,-0.066569,-0.360864,-0.253524,0.107810,-0.355967,-0.163870,-0.267807,-0.323458,-0.257540,-0.287158,0.151567,0.248025,0.164614,0.133554,0.123967,-0.430861,-0.231712,-0.392613,-0.394064,-0.206429,-0.186857,-0.293803,-0.237080,0.127377,-0.000241,-0.023198,-0.067832,-0.025448,-0.238408,-0.098710,-0.283685,-0.010812,-0.154786,-0.016158,-0.106354,-0.019654,-0.163870,-0.036648,-0.149079,0.029774,-0.120145,0.067803,0.056734,0.133386,-0.102805,-0.129152,-0.100000,-0.193142,0.055335,0.092108,-0.131279,0.016886,0.012467,-0.004310,0.000000,-0.162674,0.101936,0.005995,0.042190,0.036095,-0.090777,0.027307,0.000000,-0.077595,-0.092671,-0.092116,-0.209238,0.155687,-0.380954,-0.379774,-0.258391,-0.303138,-0.022248,-0.370714,-0.413355,-0.425950,0.686960,-0.391996,-0.225704,-0.224557,0.623475,-0.188252,-0.181940,-0.211960,-0.214980,-0.126224,-0.109373,-0.291996,-0.125704,-0.229554,-0.266446,-0.110812,-0.254786,-0.016158,-0.206354,-0.019654,-0.105394
0=100,-0.097103,0.016886,0.012467,-0.100000,-0.059640,-0.358764,-0.245347,0.109137,-0.352989,-0.159335,-0.261412,-0.319842,-0.254449,-0.279817,0.155403,0.252030,0.171479,0.136898,0.125290,-0.427431,-0.222918,-0.389077,-0.389325,-0.203191,-0.180468,-0.291843,-0.234563,0.129124,0.002852,-0.021091,-0.061613,-0.020725,-0.234617,-0.093280,-0.278106,-0.006623,-0.150276,-0.009715,-0.101247,-0.016443,-0.159335,-0.032688,-0.145910,0.032125,-0.104112,0.072500,0.062362,0.133386,-0.097219,-0.129152,-0.100000,-0.193142,0.063294,0.102897,-0.123830,0.016886,0.012467,0.017049,0.000000,-0.158762,0.105941,0.005995,0.047152,0.041463,-0.078153,0.034984,0.000000,-0.070769,-0.084915,-0.092116,-0.206709,0.162131,-0.373663,-0.375165,-0.252986,-0.299194,-0.022248,-0.367354,-0.409726,-0.424611,0.689405,-0.387872,-0.222878,-0.218645,0.630853,-0.186744,-0.175003,-0.203688,-0.208931,-0.122724,-0.106931,-0.287872,-0.122878,-0.224738,-0.263102,-0.106623,-0.250276,-0.009715,-0.201247,-0.016443,-0.100969
10=20,-0.200000,0.000000,0.000000,-0.100000,-0.100000,-0.424889,-0.480613,0.122741,-0.506310,-0.317262,-0.190447,-0.557855,-0.223033,-0.191879,0.199248,0.293107,0.121454,0.174834,0.137857,-0.390076,-0.477794,-0.351654,-0.335929,-0.141930,-0.102626,-0.271167,-0.209946,0.146013,0.035057,0.000064,-0.011878,0.028893,-0.192015,-0.219910,-0.213237,-0.080761,-0.095559,0.020426,-0.343336,0.016152,-0.317262,-0.175654,-0.324665,-0.098964,-0.513589,-0.058033,-0.058527,0.041824,-0.240169,-0.247778,-0.100000,-0.311330,0.000000,0.000000,-0.299848,0.000000,0.000000,-0.287375,0.000000,-0.230901,-0.022714,0.000000,0.000000,0.000000,-0.411924,0.000000,0.000000,-0.273376,-0.294175,-0.210829,-0.182272,0.154841,-0.392127,-0.324298,-0.194526,-0.259527,-0.214592,-0.306145,-0.370436,-0.584357,0.712995,-0.328360,-0.222364,-0.144061,0.718371,-0.172254,-0.230616,-0.330140,-0.221154,-0.087751,-0.077140,-0.228360,-0.122364,-0.260126,-0.225166,-0.180761,-0.195559,0.020426,-0.443336,0.016152,-0.145446
10=30,-0.200000,0.000000,0.000000,-0.100000,-0.100000,-0.370578,-0.305483,0.122741,-0.506310,-0.246732,-0.190447,-0.361183,-0.223033,-0.191879,0.199248,0.293107,0.169140,0.174834,0.137857,-0.390076,-0.326764,-0.351654,-0.335929,-0.141930,-0.102626,-0.271167,-0.209946,0.146013,0.035057,0.000064,-0.002103,0.028893,-0.192015,-0.135057,-0.213237,-0.035373,-0.095559,0.041957,-0.163591,0.016152,-0.246732,-0.175654,-0.282566,-0.098964,-0.417184,-0.058033,-0.058527,0.041824,-0.240169,-0.247778,-0.100000,-0.311330,0.000000,0.000000,-0.186142,0.000000,0.000000,-0.287375,0.000000,-0.186720,0.059534,0.000000,0.000000,0.000000,-0.411924,0.000000,0.000000,-0.273376,-0.183961,-0.210829,-0.182272,0.191392,-0.347342,-0.324298,-0.194526,-0.259527,-0.214592,-0.306145,-0.370436,-0.494960,0.712995,-0.328360,-0.184135,-0.144061,0.718371,-0.172254,-0.177164,-0.267850,-0.185023,-0.087751,-0.077140,-0.228360,-0.084135,-0.224019,-0.225166,-0.135373,-0.195559,0.041957,-0.263591,0.016152,-0.122667
10=40,-0.200000,0.000000,0.000000,-0.100000,-0.100000,-0.363181,-0.280101,0.122741,-0.391083,-0.179116,-0.190447,-0.340618,-0.223033,-0.191879,0.199248,0.293107,0.192784,0.174834,0.137857,-0.390076,-0.280756,-0.351654,-0.335929,-0.141930,-0.102626,-0.271167,-0.209946,0.146013,0.035057,0.000064,0.001273,0.028893,-0.192015,-0.113973,-0.213237,-0.019755,-0.095559,0.049848,-0.129229,0.016152,-0.179116,-0.175654,-0.181303,-0.019630,-0.264728,0.020806,-0.058527,0.041824,-0.133911,-0.247778,-0.100000,-0.311330,0.000000,0.000000,-0.146842,0.000000,0.000000,-0.287375,0.000000,-0.172800,0.081742,0.000000,0.000000,0.000000,-0.236280,0.000000,0.000000,-0.196441,-0.125227,-0.210829,-0.182272,0.206304,-0.328324,-0.324298,-0.194526,-0.259527,-0.214592,-0.306145,-0.370436,-0.437677,0.712995,-0.328360,-0.166970,-0.144061,0.718371,-0.172254,-0.153742,-0.231048,-0.169954,-0.087751,-0.077140,-0.228360,-0.066970,-0.208192,-0.225166,-0.119755,-0.195559,0.049848,-0.229229,0.016152,-0.106315
10=50,-0.192757,0.000000,0.000000,-0.100000,-0.100000,-0.361841,-0.262219,0.122741,-0.370363,-0.170070,-0.190447,-0.328695,-0.223033,-0.191879,0.199248,0.293107,0.206412,0.174834,0.137857,-0.390076,-0.254261,-0.351654,-0.335929,-0.141930,-0.102626,-0.271167,-0.209946,0.146013,0.035057,0.000064,0.002985,0.028893,-0.192015,-0.099671,-0.213237,-0.007777,-0.095559,0.053943,-0.112049,0.016152,-0.170070,-0.054900,-0.158487,0.018819,-0.188500,0.044300,-0.016018,0.041824,-0.114293,-0.247778,-0.100000,-0.283707,0.000000,0.007243,-0.137478,0.000000,0.000000,-0.151539,0.000000,-0.164471,0.092856,0.000000,0.000000,0.000000,-0.168187,0.000000,0.000000,-0.135370,-0.112880,-0.183582,-0.182272,0.214405,-0.317804,-0.324298,-0.194526,-0.259527,-0.057653,-0.306145,-0.370436,-0.430522,0.712995,-0.328360,-0.157435,-0.144061,0.718371,-0.172254,-0.140593,-0.207265,-0.161686,-0.087751,-0.077140,-0.228360,-0.057435,-0.199305,-0.225166,-0.107777,-0.195559,0.053943,-0.212049,0.016152,-0.094636
10=60,-0.154205,0.000000,0.000000,-0.100000,-0.100000,-0.357428,-0.247268,0.122741,-0.361370,-0.166252,-0.190447,-0.320645,-0.223033,-0.191879,0.199248,0.293107,0.215275,0.174834,0.137857,-0.390076,-0.234585,-0.351654,-0.335929,-0.141930,-0.102626,-0.271167,-0.209946,0.146013,0.035057,0.000064,0.004019,0.028893,-0.192015,-0.088374,-0.213237,0.000467,-0.095559,0.056450,-0.101208,0.016152,-0.166252,-0.042075,-0.153377,0.023299,-0.142763,0.058396,0.032866,0.055882,-0.109633,-0.203695,-0.100000,-0.190351,0.021657,0.045795,-0.133882,0.000000,0.000000,-0.079375,0.000000,-0.156249,0.099706,0.000000,0.010206,0.000000,-0.127457,0.000000,0.000000,-0.103506,-0.099779,-0.089704,-0.182272,0.219492,-0.311125,-0.324298,-0.194526,-0.259527,-0.026537,-0.306145,-0.370436,-0.427126,0.712995,-0.328360,-0.151369,-0.144061,0.718371,-0.172254,-0.132174,-0.190631,-0.156464,-0.087751,-0.077140,-0.228360,-0.051369,-0.193615,-0.225166,-0.099533,-0.195559,0.056450,-0.201208,0.016152,-0.085745
10=70,-0.128505,0.000000,0.000000,-0.100000,-0.092028,-0.354289,-0.233677,0.122741,-0.356180,-0.163224,-0.190447,-0.304410,-0.223033,-0.191879,0.199248,0.293107,0.221500,0.174834,0.137857,-0.390076,-0.219396,-0.351654,-0.335929,-0.141930,-0.102626,-0.271167,-0.209946,0.146013,0.035057,0.000064,0.004711,0.028893,-0.192015,-0.079997,-0.213237,0.006429,-0.095559,0.058143,-0.089115,0.016152,-0.163224,-0.037696,-0.148409,0.027768,-0.112272,0.067793,0.046224,0.133386,-0.107527,-0.153087,-0.100000,-0.193142,0.038028,0.071495,-0.125098,0.000000,0.000000,-0.031265,0.000000,-0.150353,0.106698,0.000000,0.029974,0.015294,-0.100303,0.000000,0.000000,-0.082095,-0.087593,-0.092116,-0.182272,0.222985,-0.306509,-0.324298,-0.194526,-0.259527,-0.022248,-0.306145,-0.370436,-0.425529,0.712995,-0.328360,-0.147169,-0.144061,0.718371,-0.172254,-0.126322,-0.178344,-0.152865,-0.087751,-0.077140,-0.228360,-0.047169,-0.189659,-0.225166,-0.093571,-0.195559,0.058143,-0.189115,0.016152,-0.079788
10=80,-0.110147,0.016217,0.012467,-0.100000,-0.073532,-0.351943,-0.222933,0.122741,-0.351416,-0.154777,-0.190447,-0.289684,-0.223033,-0.191879,0.199248,0.293107,0.226113,0.174834,0.137857,-0.390076,-0.207316,-0.351654,-0.335929,-0.141930,-0.102626,-0.271167,-0.209946,0.146013,0.035057,0.000064,0.005208,0.028893,-0.192015,-0.073538,-0.213237,0.012061,-0.095559,0.059363,-0.078844,0.016152,-0.154777,-0.036590,-0.141753,0.030960,-0.090493,0.074506,0.055766,0.133386,-0.099548,-0.133772,-0.100000,-0.193142,0.051871,0.089853,-0.114619,0.016217,0.012467,0.003099,0.000000,-0.145777,0.112105,0.000000,0.039490,0.030578,-0.080908,0.016476,0.000000,-0.071999,-0.076488,-0.092116,-0.182272,0.225531,-0.303128,-0.324298,-0.194526,-0.259527,-0.022248,-0.306145,-0.370436,-0.421288,0.712995,-0.328360,-0.144090,-0.144061,0.718371,-0.172254,-0.122018,-0.168897,-0.150236,-0.087751,-0.077140,-0.228360,-0.044090,-0.186750,-0.225166,-0.087939,-0.195559,0.059363,-0.178844,0.016152,-0.074964
10=90,-0.096378,0.016886,0.012467,-0.100000,-0.063899,-0.345876,-0.214224,0.122741,-0.345411,-0.146234,-0.190447,-0.277640,-0.223033,-0.191879,0.199248,0.293107,0.229668,0.174834,0.137857,-0.390076,-0.197479,-0.351654,-0.335929,-0.141930,-0.102626,-0.271167,-0.209946,0.146013,0.035057,0.000064,0.005581,0.028893,-0.192015,-0.068406,-0.213237,0.021287,-0.095559,0.060283,-0.070460,0.016152,-0.146234,-0.031077,-0.130570,0.034996,-0.074158,0.079540,0.062922,0.133386,-0.092721,-0.129152,-0.100000,-0.193142,0.062252,0.103622,-0.106055,0.016886,0.012467,0.028872,0.000000,-0.142059,0.116412,0.005995,0.045182,0.038853,-0.066361,0.029706,0.000000,-0.063593,-0.067257,-0.092116,-0.182272,0.227469,-0.300545,-0.324298,-0.194526,-0.259527,-0.022248,-0.306145,-0.370436,-0.411670,0.712995,-0.328360,-0.141735,-0.144061,0.718371,-0.172254,-0.118719,-0.161407,-0.148230,-0.087751,-0.077140,-0.228360,-0.041735,-0.184520,-0.225166,-0.078713,-0.195559,0.060283,-0.170460,0.016152,-0.071393
10=100,-0.085670,0.016886,0.012467,-0.100000,-0.055155,-0.340699,-0.207024,0.122741,-0.340445,-0.139016,-0.190447,-0.267605,-0.223033,-0.191879,0.199248,0.293107,0.232491,0.174834,0.137857,-0.390076,-0.189313,-0.351654,-0.335929,-0.141930,-0.102626,-0.271167,-0.209946,0.146013,0.035057,0.000064,0.005872,0.028893,-0.192015,-0.064229,-0.213237,0.028975,-0.095559,0.061003,-0.063487,0.016152,-0.139016,-0.026588,-0.120948,0.039026,-0.061453,0.083456,0.068488,0.133386,-0.087081,-0.129152,-0.100000,-0.193142,0.070327,0.114330,-0.098925,0.016886,0.012467,0.048917,0.000000,-0.138978,0.119924,0.005995,0.052391,0.044041,-0.055047,0.037417,0.000000,-0.056485,-0.059461,-0.092116,-0.182272,0.228993,-0.298507,-0.324298,-0.194526,-0.259527,-0.016420,-0.306145,-0.370436,-0.403229,0.712995,-0.328360,-0.139876,-0.144061,0.718371,-0.172254,-0.116111,-0.155323,-0.146649,-0.087751,-0.077140,-0.228360,-0.039876,-0.182757,-0.225166,-0.071025,-0.195559,0.061003,-0.163487,0.016152,-0.068534
20=30,-0.200000,0.000000,0.000000,-0.100000,-0.100000,-0.207980,-0.169634,0.122741,-0.506310,-0.222987,-0.190447,-0.212285,-0.223033,-0.191879,0.199248,0.293107,0.257114,0.174834,0.137857,-0.390076,-0.257679,-0.351654,-0.335929,-0.141930,-0.102626,-0.271167,-0.209946,0.146013,0.035057,0.000064,0.008213,0.028893,-0.192015,0.019364,-0.213237,0.113509,-0.095559,0.066872,0.012455,0.016152,-0.222987,-0.175654,-0.251441,-0.098964,-0.346332,-0.058033,-0.058527,0.041824,-0.240169,-0.247778,-0.100000,-0.311330,0.000000,0.000000,-0.150909,0.000000,0.000000,-0.287375,0.000000,-0.106133,0.086363,0.000000,0.000000,0.000000,-0.411924,0.000000,0.000000,-0.273376,-0.133403,-0.210829,-0.182272,0.241768,-0.281232,-0.324298,-0.194526,-0.259527,-0.214592,-0.306145,-0.370436,-0.448382,0.712995,-0.328360,-0.124078,-0.144061,0.718371,-0.172254,-0.093784,-0.096592,-0.133323,-0.087751,-0.077140,-0.228360,-0.024078,-0.167662,-0.225166,0.013509,-0.195559,0.066872,-0.087545,0.016152,-0.098093
20=40,-0.200000,0.000000,0.000000,-0.100000,-0.100000,-0.207980,-0.151486,0.122741,-0.372395,-0.168872,-0.190447,-0.186647,-0.223033,-0.191879,0.199248,0.293107,0.257114,0.174834,0.137857,-0.390076,-0.200196,-0.351654,-0.335929,-0.141930,-0.102626,-0.271167,-0.209946,0.146013,0.035057,0.000064,0.008213,0.028893,-0.192015,0.019364,-0.213237,0.113509,-0.095559,0.066872,0.012455,0.016152,-0.168872,-0.175654,-0.156721,0.007055,-0.153074,0.044257,-0.058527,0.041824,-0.122008,-0.247778,-0.100000,-0.311330,0.000000,0.000000,-0.131220,0.000000,0.000000,-0.287375,0.000000,-0.106133,0.110595,0.000000,0.000000,0.000000,-0.211052,0.000000,0.000000,-0.168045,-0.098848,-0.210829,-0.182272,0.241768,-0.281232,-0.324298,-0.194526,-0.259527,-0.214592,-0.306145,-0.370436,-0.427639,0.712995,-0.328360,-0.124078,-0.144061,0.718371,-0.172254,-0.093784,-0.096592,-0.133323,-0.087751,-0.077140,-0.228360,-0.024078,-0.167662,-0.225166,0.013509,-0.195559,0.066872,-0.087545,0.016152,-0.084460
20=50,-0.190342,0.000000,0.000000,-0.100000,-0.100000,-0.207980,-0.140027,0.122741,-0.356817,-0.160155,-0.190447,-0.177331,-0.223033,-0.191879,0.199248,0.293107,0.257114,0.174834,0.137857,-0.390076,-0.173624,-0.351654,-0.335929,-0.141930,-0.102626,-0.271167,-0.209946,0.146013,0.035057,0.000064,0.008213,0.028893,-0.192015,0.019364,-0.213237,0.113509,-0.095559,0.066872,0.012455,0.016152,-0.160155,-0.046703,-0.146354,0.021750,-0.088655,0.067765,-0.004438,0.041824,-0.110671,-0.247778,-0.100000,-0.275399,0.000000,0.009658,-0.104111,0.000000,0.000000,-0.112132,0.000000,-0.106133,0.122959,0.000000,0.000000,0.000000,-0.128880,0.000000,0.000000,-0.103182,-0.070504,-0.175376,-0.182272,0.241768,-0.281232,-0.324298,-0.194526,-0.259527,-0.040392,-0.306145,-0.370436,-0.420237,0.712995,-0.328360,-0.124078,-0.144061,0.718371,-0.172254,-0.093784,-0.096592,-0.133323,-0.087751,-0.077140,-0.228360,-0.024078,-0.167662,-0.225166,0.013509,-0.195559,0.066872,-0.087545,0.016152,-0.073959
20=60,-0.142757,0.000000,0.000000,-0.100000,-0.100000,-0.207980,-0.131993,0.122741,-0.347355,-0.142144,-0.190447,-0.172513,-0.223033,-0.191879,0.199248,0.293107,0.257114,0.174834,0.137857,-0.390076,-0.158312,-0.351654,-0.335929,-0.141930,-0.102626,-0.271167,-0.209946,0.146013,0.035057,0.000064,0.008213,0.028893,-0.192015,0.019364,-0.213237,0.113509,-0.095559,0.066872,0.012455,0.016152,-0.142144,-0.038711,-0.124949,0.028840,-0.056445,0.079519,0.039274,0.059191,-0.105142,-0.195021,-0.100000,-0.188673,0.025681,0.057243,-0.087697,0.000000,0.000000,-0.031778,0.000000,-0.106133,0.129091,0.000000,0.012440,0.000000,-0.087793,0.000000,0.000000,-0.075003,-0.051746,-0.087840,-0.182272,0.241768,-0.281232,-0.324298,-0.194526,-0.259527,-0.022053,-0.306145,-0.370436,-0.399534,0.712995,-0.328360,-0.124078,-0.144061,0.718371,-0.172254,-0.093784,-0.096592,-0.133323,-0.087751,-0.077140,-0.228360,-0.024078,-0.167662,-0.225166,0.013509,-0.195559,0.066872,-0.087545,0.016152,-0.065849
20=70,-0.114205,0.000000,0.000000,-0.100000,-0.090584,-0.207980,-0.127009,0.122741,-0.337990,-0.129102,-0.190447,-0.169570,-0.223033,-0.191879,0.199248,0.293107,0.257114,0.174834,0.137857,-0.390076,-0.148356,-0.351654,-0.335929,-0.141930,-0.102626,-0.271167,-0.209946,0.146013,0.035057,0.000064,0.008213,0.028893,-0.192015,0.019364,-0.213237,0.113509,-0.095559,0.066872,0.012455,0.016152,-0.129102,-0.035651,-0.107287,0.034508,-0.037119,0.086387,0.054022,0.133386,-0.093406,-0.144702,-0.100000,-0.193142,0.045634,0.085795,-0.076692,0.000000,0.000000,0.016434,0.000000,-0.106133,0.133247,0.000000,0.033935,0.017808,-0.063142,0.000000,0.000000,-0.060955,-0.038744,-0.092116,-0.182272,0.241768,-0.281232,-0.324298,-0.194526,-0.259527,-0.022248,-0.306145,-0.370436,-0.384344,0.712995,-0.328360,-0.124078,-0.144061,0.718371,-0.172254,-0.093784,-0.096592,-0.133323,-0.087751,-0.077140,-0.228360,-0.024078,-0.167662,-0.225166,0.013509,-0.195559,0.066872,-0.087545,0.016152,-0.060809
20=80,-0.095171,0.016886,0.012467,-0.100000,-0.070425,-0.207980,-0.123616,0.122741,-0.326428,-0.119396,-0.190447,-0.167585,-0.223033,-0.191879,0.199248,0.293107,0.257114,0.174834,0.137857,-0.390076,-0.141362,-0.351654,-0.335929,-0.141930,-0.102626,-0.271167,-0.209946,0.146013,0.035057,0.000064,0.008213,0.028893,-0.192015,0.019364,-0.213237,0.113509,-0.095559,0.066872,0.012455,0.016152,-0.119396,-0.028338,-0.093786,0.041884,-0.024235,0.090711,0.063854,0.133386,-0.084764,-0.129152,-0.100000,-0.193142,0.060516,0.104829,-0.068800,0.016886,0.012467,0.048575,0.000000,-0.106133,0.136270,0.000000,0.043226,0.033945,-0.046707,0.018708,0.000000,-0.050266,-0.029200,-0.092116,-0.182272,0.241768,-0.281232,-0.324298,-0.194526,-0.259527,-0.019555,-0.306145,-0.370436,-0.372723,0.712995,-0.328360,-0.124078,-0.144061,0.718371,-0.172254,-0.093784,-0.096592,-0.133323,-0.087751,-0.077140,-0.228360,-0.024078,-0.167662,-0.225166,0.013509,-0.195559,0.066872,-0.087545,0.016152,-0.056881
20=90,-0.081575,0.016886,0.012467,-0.100000,-0.060030,-0.207980,-0.121157,0.122741,-0.314576,-0.111890,-0.190447,-0.166155,-0.223033,-0.191879,0.199248,0.293107,0.257114,0.174834,0.137857,-0.390076,-0.136181,-0.351654,-0.335929,-0.141930,-0.102626,-0.271167,-0.209946,0.146013,0.035057,0.000064,0.008213,0.028893,-0.192015,0.019364,-0.213237,0.113509,-0.095559,0.066872,0.012455,0.016152,-0.111890,-0.022801,-0.083131,0.050475,-0.015032,0.094073,0.070877,0.133386,-0.078135,-0.129152,-0.100000,-0.193142,0.071146,0.118425,-0.060794,0.016886,0.012467,0.071533,0.000000,-0.106133,0.138567,0.005995,0.051637,0.042069,-0.034968,0.032568,0.000000,-0.041859,-0.021897,-0.092116,-0.182272,0.241768,-0.281232,-0.324298,-0.194526,-0.259527,-0.009495,-0.306145,-0.370436,-0.363546,0.712995,-0.328360,-0.124078,-0.144061,0.718371,-0.172254,-0.093784,-0.096592,-0.133323,-0.087751,-0.077140,-0.228360,-0.024078,-0.167662,-0.225166,0.013509,-0.195559,0.066872,-0.087545,0.016152,-0.054367
20=100,-0.071378,0.016886,0.012467,-0.100000,-0.049550,-0.207980,-0.119293,0.122741,-0.304776,-0.105913,-0.190447,-0.165077,-0.223033,-0.191879,0.199248,0.293107,0.257114,0.174834,0.137857,-0.390076,-0.132188,-0.351654,-0.335929,-0.141930,-0.102626,-0.271167,-0.209946,0.146013,0.035057,0.000064,0.008213,0.028893,-0.192015,0.019364,-0.213237,0.113509,-0.095559,0.066872,0.012455,0.016152,-0.105913,-0.015769,-0.074508,0.057440,-0.008130,0.096764,0.076144,0.133386,-0.072888,-0.129152,-0.100000,-0.193142,0.079118,0.128622,-0.053139,0.016886,0.012467,0.088752,0.000000,-0.106133,0.140371,0.005995,0.058940,0.045008,-0.026164,0.040213,0.000000,-0.035075,-0.016129,-0.092116,-0.182272,0.241768,-0.281232,-0.324298,-0.194526,-0.259527,0.000046,-0.306145,-0.370436,-0.356114,0.712995,-0.328360,-0.124078,-0.144061,0.718371,-0.172254,-0.093784,-0.096592,-0.133323,-0.087751,-0.077140,-0.228360,-0.024078,-0.167662,-0.225166,0.013509,-0.195559,0.066872,-0.087545,0.016152,-0.052435
30=40,-0.200000,0.000000,0.000000,-0.100000,-0.100000,-0.207980,-0.105745,0.122741,-0.280399,-0.025229,-0.190447,-0.157378,-0.223033,-0.191879,0.199248,0.293107,0.257114,0.174834,0.137857,-0.390076,-0.101366,-0.351654,-0.335929,-0.141930,-0.102626,-0.271167,-0.209946,0.146013,0.035057,0.000064,0.008213,0.028893,-0.192015,0.019364,-0.213237,0.113509,-0.095559,0.066872,0.012455,0.016152,-0.025229,-0.175654,0.007324,0.016559,0.086411,0.120695,-0.058527,0.041824,-0.116101,-0.247778,-0.100000,-0.311330,0.000000,0.000000,0.020119,0.000000,0.000000,-0.287375,0.000000,-0.106133,0.155405,0.000000,0.000000,0.000000,-0.135995,0.000000,0.000000,-0.101562,0.044890,-0.210829,-0.182272,0.241768,-0.281232,-0.324298,-0.194526,-0.259527,-0.214592,-0.306145,-0.370436,-0.285430,0.712995,-0.328360,-0.124078,-0.144061,0.718371,-0.172254,-0.093784,-0.096592,-0.133323,-0.087751,-0.077140,-0.228360,-0.024078,-0.167662,-0.225166,0.013509,-0.195559,0.066872,-0.087545,0.016152,-0.067739
30=50,-0.185514,0.000000,0.000000,-0.100000,-0.100000,-0.207980,-0.105745,0.122741,-0.246130,-0.025229,-0.190447,-0.157378,-0.223033,-0.191879,0.199248,0.293107,0.257114,0.174834,0.137857,-0.390076,-0.101366,-0.351654,-0.335929,-0.141930,-0.102626,-0.271167,-0.209946,0.146013,0.035057,0.000064,0.008213,0.028893,-0.192015,0.019364,-0.213237,0.113509,-0.095559,0.066872,0.012455,0.016152,-0.025229,-0.041904,0.007324,0.032581,0.086411,0.120839,0.015815,0.041824,-0.096102,-0.247778,-0.100000,-0.259945,0.000000,0.014486,0.020119,0.000000,0.000000,-0.033317,0.000000,-0.106133,0.155405,0.000000,0.000000,0.000000,-0.050265,0.000000,0.000000,-0.049612,0.044890,-0.160099,-0.182272,0.241768,-0.281232,-0.324298,-0.194526,-0.259527,-0.028436,-0.306145,-0.370436,-0.285430,0.712995,-0.328360,-0.124078,-0.144061,0.718371,-0.172254,-0.093784,-0.096592,-0.133323,-0.087751,-0.077140,-0.228360,-0.024078,-0.167662,-0.225166,0.013509,-0.195559,0.066872,-0.087545,0.016152,-0.057864
30=60,-0.123676,0.000000,0.000000,-0.100000,-0.100000,-0.207980,-0.105745,0.122741,-0.232582,-0.025229,-0.190447,-0.157378,-0.223033,-0.191879,0.199248,0.293107,0.257114,0.174834,0.137857,-0.390076,-0.101366,-0.351654,-0.335929,-0.141930,-0.102626,-0.271167,-0.209946,0.146013,0.035057,0.000064,0.008213,0.028893,-0.192015,0.019364,-0.213237,0.113509,-0.095559,0.066872,0.012455,0.016152,-0.025229,-0.033427,0.007324,0.051002,0.086411,0.120887,0.049954,0.064535,-0.077500,-0.182097,-0.100000,-0.193142,0.031541,0.076324,0.020119,0.000000,0.000000,0.047549,0.000000,-0.106133,0.155405,0.000000,0.015926,0.000000,-0.021688,0.000000,0.000000,-0.028954,0.044890,-0.092116,-0.182272,0.241768,-0.281232,-0.324298,-0.194526,-0.259527,-0.022248,-0.306145,-0.370436,-0.285430,0.712995,-0.328360,-0.124078,-0.144061,0.718371,-0.172254,-0.093784,-0.096592,-0.133323,-0.087751,-0.077140,-0.228360,-0.024078,-0.167662,-0.225166,0.013509,-0.195559,0.066872,-0.087545,0.016152,-0.051625
30=70,-0.092757,0.000000,0.000000,-0.100000,-0.088501,-0.207980,-0.105745,0.122741,-0.225325,-0.025229,-0.190447,-0.157378,-0.223033,-0.191879,0.199248,0.293107,0.257114,0.174834,0.137857,-0.390076,-0.101366,-0.351654,-0.335929,-0.141930,-0.102626,-0.271167,-0.209946,0.146013,0.035057,0.000064,0.008213,0.028893,-0.192015,0.019364,-0.213237,0.113509,-0.095559,0.066872,0.012455,0.016152,-0.025229,-0.022649,0.007324,0.065361,0.086411,0.120911,0.065719,0.133386,-0.066865,-0.133348,-0.100000,-0.193142,0.057043,0.107243,0.020119,0.000000,0.000000,0.087982,0.000000,-0.106133,0.155405,0.000000,0.039101,0.021311,-0.006097,0.000000,0.000000,-0.016941,0.044890,-0.092116,-0.182272,0.241768,-0.281232,-0.324298,-0.194526,-0.259527,-0.010868,-0.306145,-0.370436,-0.285430,0.712995,-0.328360,-0.124078,-0.144061,0.718371,-0.172254,-0.093784,-0.096592,-0.133323,-0.087751,-0.077140,-0.228360,-0.024078,-0.167662,-0.225166,0.013509,-0.195559,0.066872,-0.087545,0.016152,-0.047634
30=80,-0.074205,0.016886,0.012467,-0.100000,-0.066492,-0.207980,-0.105745,0.122741,-0.220802,-0.025229,-0.190447,-0.157378,-0.223033,-0.191879,0.199248,0.293107,0.257114,0.174834,0.137857,-0.390076,-0.101366,-0.351654,-0.335929,-0.141930,-0.102626,-0.271167,-0.209946,0.146013,0.035057,0.000064,0.008213,0.028893,-0.192015,0.019364,-0.213237,0.113509,-0.095559,0.066872,0.012455,0.016152,-0.025229,-0.010546,0.007324,0.075006,0.086411,0.120926,0.075178,0.133386,-0.059981,-0.129152,-0.100000,-0.193142,0.072619,0.125795,0.020119,0.016886,0.012467,0.112242,0.000000,-0.106133,0.155405,0.000000,0.050279,0.038144,0.009411,0.021640,0.000000,-0.009085,0.044890,-0.092116,-0.182272,0.241768,-0.281232,-0.324298,-0.194526,-0.259527,0.004895,-0.306145,-0.370436,-0.285430,0.712995,-0.328360,-0.124078,-0.144061,0.718371,-0.172254,-0.093784,-0.096592,-0.133323,-0.087751,-0.077140,-0.228360,-0.024078,-0.167662,-0.225166,0.013509,-0.195559,0.066872,-0.087545,0.016152,-0.044701
30=90,-0.061838,0.016886,0.012467,-0.100000,-0.053368,-0.207980,-0.105745,0.122741,-0.217714,-0.025229,-0.190447,-0.157378,-0.223033,-0.191879,0.199248,0.293107,0.257114,0.174834,0.137857,-0.390076,-0.101366,-0.351654,-0.335929,-0.141930,-0.102626,-0.271167,-0.209946,0.146013,0.035057,0.000064,0.008213,0.028893,-0.192015,0.019364,-0.213237,0.113509,-0.095559,0.066872,0.012455,0.016152,-0.025229,-0.001103,0.007324,0.082043,0.086411,0.120935,0.081484,0.133386,-0.055162,-0.129152,-0.100000,-0.191182,0.083003,0.138162,0.020119,0.016886,0.012467,0.128416,0.000000,-0.106133,0.155405,0.005995,0.060243,0.045008,0.022728,0.036040,0.000000,-0.003547,0.044890,-0.090595,-0.182272,0.241768,-0.281232,-0.324298,-0.194526,-0.259527,0.016612,-0.306145,-0.370436,-0.285430,0.712995,-0.328360,-0.124078,-0.144061,0.718371,-0.172254,-0.093784,-0.096592,-0.133323,-0.087751,-0.077140,-0.228360,-0.024078,-0.167662,-0.225166,0.013509,-0.195559,0.066872,-0.087545,0.016152,-0.043037
30=100,-0.053004,0.016886,0.012467,-0.100000,-0.042342,-0.207980,-0.105745,0.122741,-0.215470,-0.025229,-0.190447,-0.157378,-0.223033,-0.191879,0.199248,0.293107,0.257114,0.174834,0.137857,-0.390076,-0.101366,-0.351654,-0.335929,-0.141930,-0.102626,-0.271167,-0.209946,0.146013,0.035057,0.000064,0.008213,0.028893,-0.192015,0.019364,-0.213237,0.113509,-0.095559,0.066872,0.012455,0.016152,-0.025229,0.006167,0.007324,0.087633,0.086411,0.120942,0.085989,0.133386,-0.050236,-0.129152,-0.100000,-0.185304,0.090420,0.146996,0.020119,0.016886,0.012467,0.139968,0.000000,-0.106133,0.155405,0.005995,0.066602,0.045008,0.032965,0.042219,0.000000,0.000568,0.044890,-0.084724,-0.182272,0.241768,-0.281232,-0.324298,-0.194526,-0.259527,0.025663,-0.306145,-0.370436,-0.285430,0.712995,-0.328360,-0.124078,-0.144061,0.718371,-0.172254,-0.093784,-0.096592,-0.133323,-0.087751,-0.077140,-0.228360,-0.024078,-0.167662,-0.225166,0.013509,-0.195559,0.066872,-0.087545,0.016152,-0.041838
40=50,-0.171027,0.000000,0.000000,-0.100000,-0.100000,-0.207980,-0.105745,0.122741,-0.201320,-0.025229,-0.190447,-0.157378,-0.223033,-0.191879,0.199248,0.293107,0.257114,0.174834,0.137857,-0.390076,-0.101366,-0.351654,-0.335929,-0.141930,-0.102626,-0.271167,-0.209946,0.146013,0.035057,0.000064,0.008213,0.028893,-0.192015,0.019364,-0.213237,0.113509,-0.095559,0.066872,0.012455,0.016152,-0.025229,-0.021408,0.007324,0.136442,0.086411,0.120983,0.029612,0.041824,0.017950,-0.247778,-0.100000,-0.221165,0.000000,0.028973,0.020119,0.000000,0.000000,0.236984,0.000000,-0.106133,0.155405,0.000000,0.000000,0.000000,0.121471,0.000000,0.000000,0.077964,0.044890,-0.121688,-0.182272,0.241768,-0.281232,-0.324298,-0.194526,-0.259527,-0.018769,-0.306145,-0.370436,-0.285430,0.712995,-0.328360,-0.124078,-0.144061,0.718371,-0.172254,-0.093784,-0.096592,-0.133323,-0.087751,-0.077140,-0.228360,-0.024078,-0.167662,-0.225166,0.013509,-0.195559,0.066872,-0.087545,0.016152,-0.048038
40=60,-0.085514,0.000000,0.000000,-0.100000,-0.100000,-0.207980,-0.105745,0.122741,-0.201320,-0.025229,-0.190447,-0.157378,-0.223033,-0.191879,0.199248,0.293107,0.257114,0.174834,0.137857,-0.390076,-0.101366,-0.351654,-0.335929,-0.141930,-0.102626,-0.271167,-0.209946,0.146013,0.035057,0.000064,0.008213,0.028893,-0.192015,0.019364,-0.213237,0.113509,-0.095559,0.066872,0.012455,0.016152,-0.025229,0.014923,0.007324,0.136442,0.086411,0.120983,0.071313,0.074630,0.017950,-0.162626,-0.100000,-0.193142,0.046623,0.114486,0.020119,0.000000,0.000000,0.243163,0.000000,-0.106133,0.155405,0.000000,0.022128,0.000000,0.121471,0.000000,0.000000,0.077964,0.044890,-0.092116,-0.182272,0.241768,-0.281232,-0.324298,-0.194526,-0.259527,0.026332,-0.306145,-0.370436,-0.285430,0.712995,-0.328360,-0.124078,-0.144061,0.718371,-0.172254,-0.093784,-0.096592,-0.133323,-0.087751,-0.077140,-0.228360,-0.024078,-0.167662,-0.225166,0.013509,-0.195559,0.066872,-0.087545,0.016152,-0.042591
40=70,-0.057009,0.000000,0.000000,-0.100000,-0.085234,-0.207980,-0.105745,0.122741,-0.201320,-0.025229,-0.190447,-0.157378,-0.223033,-0.191879,0.199248,0.293107,0.257114,0.174834,0.137857,-0.390076,-0.101366,-0.351654,-0.335929,-0.141930,-0.102626,-0.271167,-0.209946,0.146013,0.035057,0.000064,0.008213,0.028893,-0.192015,0.019364,-0.213237,0.113509,-0.095559,0.066872,0.012455,0.016152,-0.025229,0.035018,0.007324,0.136442,0.086411,0.120983,0.085214,0.133386,0.017950,-0.129152,-0.100000,-0.189605,0.076057,0.142991,0.020119,0.000000,0.000000,0.245257,0.000000,-0.106133,0.155405,0.000000,0.047112,0.026531,0.121471,0.000000,0.000000,0.077964,0.044890,-0.089035,-0.182272,0.241768,-0.281232,-0.324298,-0.194526,-0.259527,0.051892,-0.306145,-0.370436,-0.285430,0.712995,-0.328360,-0.124078,-0.144061,0.718371,-0.172254,-0.093784,-0.096592,-0.133323,-0.087751,-0.077140,-0.228360,-0.024078,-0.167662,-0.225166,0.013509,-0.195559,0.066872,-0.087545,0.016152,-0.039459
40=80,-0.042757,0.016886,0.012467,-0.100000,-0.061004,-0.207980,-0.105745,0.122741,-0.201320,-0.025229,-0.190447,-0.157378,-0.223033,-0.191879,0.199248,0.293107,0.257114,0.174834,0.137857,-0.390076,-0.101366,-0.351654,-0.335929,-0.141930,-0.102626,-0.271167,-0.209946,0.146013,0.035057,0.000064,0.008213,0.028893,-0.192015,0.019364,-0.213237,0.113509,-0.095559,0.066872,0.012455,0.016152,-0.025229,0.047193,0.007324,0.136442,0.086411,0.120983,0.092164,0.133386,0.017950,-0.129152,-0.100000,-0.178761,0.090774,0.157243,0.020119,0.016886,0.012467,0.246311,0.000000,-0.106133,0.155405,0.000000,0.062849,0.043529,0.121471,0.025662,0.000000,0.077964,0.044890,-0.078158,-0.182272,0.241768,-0.281232,-0.324298,-0.194526,-0.259527,0.069388,-0.306145,-0.370436,-0.285430,0.712995,-0.328360,-0.124078,-0.144061,0.718371,-0.172254,-0.093784,-0.096592,-0.133323,-0.087751,-0.077140,-0.228360,-0.024078,-0.167662,-0.225166,0.013509,-0.195559,0.066872,-0.087545,0.016152,-0.037020
40=90,-0.034205,0.016886,0.012467,-0.100000,-0.044041,-0.207980,-0.105745,0.122741,-0.201320,-0.025229,-0.190447,-0.157378,-0.223033,-0.191879,0.199248,0.293107,0.257114,0.174834,0.137857,-0.390076,-0.101366,-0.351654,-0.335929,-0.141930,-0.102626,-0.271167,-0.209946,0.146013,0.035057,0.000064,0.008213,0.028893,-0.192015,0.019364,-0.213237,0.113509,-0.095559,0.066872,0.012455,0.016152,-0.025229,0.055358,0.007324,0.136442,0.086411,0.120983,0.099064,0.133386,0.017950,-0.125109,-0.100000,-0.169612,0.099604,0.165795,0.020119,0.016886,0.012467,0.246946,0.000000,-0.106133,0.155405,0.005995,0.070141,0.045008,0.121471,0.040340,0.000000,0.077964,0.044890,-0.069004,-0.182272,0.241768,-0.281232,-0.324298,-0.194526,-0.259527,0.081328,-0.306145,-0.370436,-0.285430,0.712995,-0.328360,-0.124078,-0.144061,0.718371,-0.172254,-0.093784,-0.096592,-0.133323,-0.087751,-0.077140,-0.228360,-0.024078,-0.167662,-0.225166,0.013509,-0.195559,0.066872,-0.087545,0.016152,-0.035796
40=100,-0.028505,0.016886,0.012467,-0.100000,-0.032733,-0.207980,-0.105745,0.122741,-0.201320,-0.025229,-0.190447,-0.157378,-0.223033,-0.191879,0.199248,0.293107,0.257114,0.174834,0.137857,-0.390076,-0.101366,-0.351654,-0.335929,-0.141930,-0.102626,-0.271167,-0.209946,0.146013,0.035057,0.000064,0.008213,0.028893,-0.192015,0.019364,-0.213237,0.113509,-0.095559,0.066872,0.012455,0.016152,-0.025229,0.061216,0.007324,0.136442,0.086411,0.120983,0.104923,0.133386,0.017950,-0.118890,-0.100000,-0.162850,0.105666,0.171495,0.020119,0.016886,0.012467,0.247370,0.000000,-0.106133,0.155405,0.005995,0.075246,0.045008,0.121471,0.042219,0.000000,0.077964,0.044890,-0.062240,-0.182272,0.241768,-0.281232,-0.324298,-0.194526,-0.259527,0.089995,-0.306145,-0.370436,-0.285430,0.712995,-0.328360,-0.124078,-0.144061,0.718371,-0.172254,-0.093784,-0.096592,-0.133323,-0.087751,-0.077140,-0.228360,-0.024078,-0.167662,-0.225166,0.013509,-0.195559,0.066872,-0.087545,0.016152,-0.035033
50=60,0.000000,0.000000,0.000000,-0.100000,-0.100000,-0.207980,-0.105745,0.122741,-0.201320,-0.025229,-0.190447,-0.157378,-0.223033,-0.191879,0.199248,0.293107,0.257114,0.174834,0.137857,-0.390076,-0.101366,-0.351654,-0.335929,-0.141930,-0.102626,-0.271167,-0.209946,0.146013,0.035057,0.000064,0.008213,0.028893,-0.192015,0.019364,-0.213237,0.113509,-0.095559,0.066872,0.012455,0.016152,-0.025229,0.096795,0.007324,0.136442,0.086411,0.120983,0.148633,0.100883,0.017950,-0.130428,-0.100000,-0.111425,0.093246,0.200000,0.020119,0.000000,0.000000,0.249501,0.000000,-0.106133,0.155405,0.000000,0.036237,0.000000,0.121471,0.000000,0.000000,0.077964,0.044890,-0.010683,-0.182272,0.241768,-0.281232,-0.324298,-0.194526,-0.259527,0.144568,-0.306145,-0.370436,-0.285430,0.712995,-0.328360,-0.124078,-0.144061,0.718371,-0.172254,-0.093784,-0.096592,-0.133323,-0.087751,-0.077140,-0.228360,-0.024078,-0.167662,-0.225166,0.013509,-0.195559,0.066872,-0.087545,0.016152,-0.035220
50=70,0.000000,0.000000,0.000000,-0.100000,-0.079374,-0.207980,-0.105745,0.122741,-0.201320,-0.025229,-0.190447,-0.157378,-0.223033,-0.191879,0.199248,0.293107,0.257114,0.174834,0.137857,-0.390076,-0.101366,-0.351654,-0.335929,-0.141930,-0.102626,-0.271167,-0.209946,0.146013,0.035057,0.000064,0.008213,0.028893,-0.192015,0.019364,-0.213237,0.113509,-0.095559,0.066872,0.012455,0.016152,-0.025229,0.096795,0.007324,0.136442,0.086411,0.120983,0.148633,0.133386,0.017950,-0.124288,-0.100000,-0.111425,0.115951,0.200000,0.020119,0.000000,0.000000,0.249501,0.000000,-0.106133,0.155405,0.000000,0.068935,0.035135,0.121471,0.000000,0.000000,0.077964,0.044890,-0.010683,-0.182272,0.241768,-0.281232,-0.324298,-0.194526,-0.259527,0.144568,-0.306145,-0.370436,-0.285430,0.712995,-0.328360,-0.124078,-0.144061,0.718371,-0.172254,-0.093784,-0.096592,-0.133323,-0.087751,-0.077140,-0.228360,-0.024078,-0.167662,-0.225166,0.013509,-0.195559,0.066872,-0.087545,0.016152,-0.033722
50=80,0.000000,0.016886,0.012467,-0.100000,-0.048006,-0.207980,-0.105745,0.122741,-0.201320,-0.025229,-0.190447,-0.157378,-0.223033,-0.191879,0.199248,0.293107,0.257114,0.174834,0.137857,-0.390076,-0.101366,-0.351654,-0.335929,-0.141930,-0.102626,-0.271167,-0.209946,0.146013,0.035057,0.000064,0.008213,0.028893,-0.192015,0.019364,-0.213237,0.113509,-0.095559,0.066872,0.012455,0.016152,-0.025229,0.096795,0.007324,0.136442,0.086411,0.120983,0.148633,0.133386,0.017950,-0.111350,-0.100000,-0.111425,0.125852,0.200000,0.020119,0.016886,0.012467,0.249501,0.000000,-0.106133,0.155405,0.000000,0.080070,0.045008,0.121471,0.031520,0.000000,0.077964,0.044890,-0.010683,-0.182272,0.241768,-0.281232,-0.324298,-0.194526,-0.259527,0.144568,-0.306145,-0.370436,-0.285430,0.712995,-0.328360,-0.124078,-0.144061,0.718371,-0.172254,-0.093784,-0.096592,-0.133323,-0.087751,-0.077140,-0.228360,-0.024078,-0.167662,-0.225166,0.013509,-0.195559,0.066872,-0.087545,0.016152,-0.032068
50=90,0.000000,0.016886,0.012467,-0.100000,-0.030052,-0.207980,-0.105745,0.122741,-0.201320,-0.025229,-0.190447,-0.157378,-0.223033,-0.191879,0.199248,0.293107,0.257114,0.174834,0.137857,-0.390076,-0.101366,-0.351654,-0.335929,-0.141930,-0.102626,-0.271167,-0.209946,0.146013,0.035057,0.000064,0.008213,0.028893,-0.192015,0.019364,-0.213237,0.113509,-0.095559,0.066872,0.012455,0.016152,-0.025229,0.096795,0.007324,0.136442,0.086411,0.120983,0.148633,0.133386,0.017950,-0.103617,-0.100000,-0.111425,0.131464,0.200000,0.020119,0.016886,0.012467,0.249501,0.000000,-0.106133,0.155405,0.005995,0.087105,0.047333,0.121471,0.042219,0.000000,0.077964,0.044890,-0.010683,-0.182272,0.241768,-0.281232,-0.324298,-0.194526,-0.259527,0.144568,-0.306145,-0.370436,-0.285430,0.712995,-0.328360,-0.124078,-0.144061,0.718371,-0.172254,-0.093784,-0.096592,-0.133323,-0.087751,-0.077140,-0.228360,-0.024078,-0.167662,-0.225166,0.013509,-0.195559,0.066872,-0.087545,0.016152,-0.031494
50=100,0.000000,0.016886,0.012467,-0.100000,-0.019279,-0.207980,-0.105745,0.122741,-0.201320,-0.025229,-0.190447,-0.157378,-0.223033,-0.191879,0.199248,0.293107,0.257114,0.174834,0.137857,-0.390076,-0.101366,-0.351654,-0.335929,-0.141930,-0.102626,-0.271167,-0.209946,0.146013,0.035057,0.000064,0.008213,0.028893,-0.192015,0.019364,-0.213237,0.113509,-0.095559,0.066872,0.012455,0.016152,-0.025229,0.096795,0.007324,0.136442,0.086411,0.120983,0.148633,0.133386,0.017950,-0.095145,-0.100000,-0.111425,0.135078,0.200000,0.020119,0.016886,0.012467,0.249501,0.000000,-0.106133,0.155405,0.005995,0.091953,0.051692,0.121471,0.042219,0.000000,0.077964,0.044890,-0.010683,-0.182272,0.241768,-0.281232,-0.324298,-0.194526,-0.259527,0.144568,-0.306145,-0.370436,-0.285430,0.712995,-0.328360,-0.124078,-0.144061,0.718371,-0.172254,-0.093784,-0.096592,-0.133323,-0.087751,-0.077140,-0.228360,-0.024078,-0.167662,-0.225166,0.013509,-0.195559,0.066872,-0.087545,0.016152,-0.031173
60=70,0.000000,0.000000,0.000000,-0.100000,-0.065802,-0.207980,-0.105745,0.122741,-0.201320,-0.025229,-0.190447,-0.157378,-0.223033,-0.191879,0.199248,0.293107,0.257114,0.174834,0.137857,-0.390076,-0.101366,-0.351654,-0.335929,-0.141930,-0.102626,-0.271167,-0.209946,0.146013,0.035057,0.000064,0.008213,0.028893,-0.192015,0.019364,-0.213237,0.113509,-0.095559,0.066872,0.012455,0.016152,-0.025229,0.096795,0.007324,0.136442,0.086411,0.120983,0.148633,0.147349,0.017950,-0.044850,-0.100000,-0.111425,0.151769,0.200000,0.020119,0.000000,0.000000,0.249501,0.000000,-0.106133,0.155405,0.000000,0.118282,0.045008,0.121471,0.000000,0.000000,0.077964,0.044890,-0.010683,-0.182272,0.241768,-0.281232,-0.324298,-0.194526,-0.259527,0.144568,-0.306145,-0.370436,-0.285430,0.712995,-0.328360,-0.124078,-0.144061,0.718371,-0.172254,-0.093784,-0.096592,-0.133323,-0.087751,-0.077140,-0.228360,-0.024078,-0.167662,-0.225166,0.013509,-0.195559,0.066872,-0.087545,0.016152,-0.031702
60=80,0.000000,0.016886,0.012467,-0.100000,-0.022008,-0.207980,-0.105745,0.122741,-0.201320,-0.025229,-0.190447,-0.157378,-0.223033,-0.191879,0.199248,0.293107,0.257114,0.174834,0.137857,-0.390076,-0.101366,-0.351654,-0.335929,-0.141930,-0.102626,-0.271167,-0.209946,0.146013,0.035057,0.000064,0.008213,0.028893,-0.192015,0.019364,-0.213237,0.113509,-0.095559,0.066872,0.012455,0.016152,-0.025229,0.096795,0.007324,0.136442,0.086411,0.120983,0.148633,0.147349,0.017950,-0.044850,-0.100000,-0.111425,0.151769,0.200000,0.020119,0.016886,0.012467,0.249501,0.000000,-0.106133,0.155405,0.000000,0.118282,0.056123,0.121471,0.040843,0.000000,0.077964,0.044890,-0.010683,-0.182272,0.241768,-0.281232,-0.324298,-0.194526,-0.259527,0.144568,-0.306145,-0.370436,-0.285430,0.712995,-0.328360,-0.124078,-0.144061,0.718371,-0.172254,-0.093784,-0.096592,-0.133323,-0.087751,-0.077140,-0.228360,-0.024078,-0.167662,-0.225166,0.013509,-0.195559,0.066872,-0.087545,0.016152,-0.030157
60=90,0.000000,0.016886,0.012467,-0.100000,-0.007286,-0.207980,-0.105745,0.122741,-0.201320,-0.025229,-0.190447,-0.157378,-0.223033,-0.191879,0.199248,0.293107,0.257114,0.174834,0.137857,-0.390076,-0.101366,-0.351654,-0.335929,-0.141930,-0.102626,-0.271167,-0.209946,0.146013,0.035057,0.000064,0.008213,0.028893,-0.192015,0.019364,-0.213237,0.113509,-0.095559,0.066872,0.012455,0.016152,-0.025229,0.096795,0.007324,0.136442,0.086411,0.120983,0.148633,0.147349,0.017950,-0.044850,-0.100000,-0.111425,0.151769,0.200000,0.020119,0.016886,0.012467,0.249501,0.000000,-0.106133,0.155405,0.005995,0.118282,0.062691,0.121471,0.042219,0.000000,0.077964,0.044890,-0.010683,-0.182272,0.241768,-0.281232,-0.324298,-0.194526,-0.259527,0.144568,-0.306145,-0.370436,-0.285430,0.712995,-0.328360,-0.124078,-0.144061,0.718371,-0.172254,-0.093784,-0.096592,-0.133323,-0.087751,-0.077140,-0.228360,-0.024078,-0.167662,-0.225166,0.013509,-0.195559,0.066872,-0.087545,0.016152,-0.029871
60=100,0.000000,0.016886,0.012467,-0.100000,0.001062,-0.207980,-0.105745,0.122741,-0.201320,-0.025229,-0.190447,-0.157378,-0.223033,-0.191879,0.199248,0.293107,0.257114,0.174834,0.137857,-0.390076,-0.101366,-0.351654,-0.335929,-0.141930,-0.102626,-0.271167,-0.209946,0.146013,0.035057,0.000064,0.008213,0.028893,-0.192015,0.019364,-0.213237,0.113509,-0.095559,0.066872,0.012455,0.016152,-0.025229,0.096795,0.007324,0.136442,0.086411,0.120983,0.148633,0.147349,0.017950,-0.044850,-0.100000,-0.111425,0.151769,0.200000,0.020119,0.016886,0.012467,0.249501,0.000000,-0.106133,0.155405,0.005995,0.118282,0.066587,0.121471,0.044156,0.000000,0.077964,0.044890,-0.010683,-0.182272,0.241768,-0.281232,-0.324298,-0.194526,-0.259527,0.144568,-0.306145,-0.370436,-0.285430,0.712995,-0.328360,-0.124078,-0.144061,0.718371,-0.172254,-0.093784,-0.096592,-0.133323,-0.087751,-0.077140,-0.228360,-0.024078,-0.167662,-0.225166,0.013509,-0.195559,0.066872,-0.087545,0.016152,-0.029729
70=80,0.000000,0.016886,0.012721,-0.100000,0.038462,-0.207980,-0.105745,0.122741,-0.201320,-0.025229,-0.190447,-0.157378,-0.223033,-0.191879,0.199248,0.293107,0.257114,0.174834,0.137857,-0.390076,-0.101366,-0.351654,-0.335929,-0.141930,-0.102626,-0.271167,-0.209946,0.146013,0.035057,0.000064,0.008213,0.028893,-0.192015,0.019364,-0.213237,0.113509,-0.095559,0.066872,0.012455,0.016152,-0.025229,0.096795,0.007324,0.136442,0.086411,0.120983,0.148633,0.147349,0.017950,-0.044850,-0.100000,-0.111425,0.151769,0.200000,0.020119,0.016886,0.012721,0.249501,0.000000,-0.106133,0.155405,0.000000,0.118282,0.081846,0.121471,0.045127,0.000000,0.077964,0.044890,-0.010683,-0.182272,0.241768,-0.281232,-0.324298,-0.194526,-0.259527,0.144568,-0.306145,-0.370436,-0.285430,0.712995,-0.328360,-0.124078,-0.144061,0.718371,-0.172254,-0.093784,-0.096592,-0.133323,-0.087751,-0.077140,-0.228360,-0.024078,-0.167662,-0.225166,0.013509,-0.195559,0.066872,-0.087545,0.016152,-0.029247
70=90,0.000000,0.016886,0.013439,-0.100000,0.038462,-0.207980,-0.105745,0.122741,-0.201320,-0.025229,-0.190447,-0.157378,-0.223033,-0.191879,0.199248,0.293107,0.257114,0.174834,0.137857,-0.390076,-0.101366,-0.351654,-0.335929,-0.141930,-0.102626,-0.271167,-0.209946,0.146013,0.035057,0.000064,0.008213,0.028893,-0.192015,0.019364,-0.213237,0.113509,-0.095559,0.066872,0.012455,0.016152,-0.025229,0.096795,0.007324,0.136442,0.086411,0.120983,0.148633,0.147349,0.017950,-0.044850,-0.100000,-0.111425,0.151769,0.200000,0.020119,0.016886,0.013439,0.249501,0.000000,-0.106133,0.155405,0.005995,0.118282,0.081846,0.121471,0.055795,0.000000,0.077964,0.044890,-0.010683,-0.182272,0.241768,-0.281232,-0.324298,-0.194526,-0.259527,0.144568,-0.306145,-0.370436,-0.285430,0.712995,-0.328360,-0.124078,-0.144061,0.718371,-0.172254,-0.093784,-0.096592,-0.133323,-0.087751,-0.077140,-0.228360,-0.024078,-0.167662,-0.225166,0.013509,-0.195559,0.066872,-0.087545,0.016152,-0.029066
70=100,0.000000,0.016886,0.013697,-0.100000,0.038462,-0.207980,-0.105745,0.122741,-0.201320,-0.025229,-0.190447,-0.157378,-0.223033,-0.191879,0.199248,0.293107,0.257114,0.174834,0.137857,-0.390076,-0.101366,-0.351654,-0.335929,-0.141930,-0.102626,-0.271167,-0.209946,0.146013,0.035057,0.000064,0.008213,0.028893,-0.192015,0.019364,-0.213237,0.113509,-0.095559,0.066872,0.012455,0.016152,-0.025229,0.096795,0.007324,0.136442,0.086411,0.120983,0.148633,0.147349,0.017950,-0.044850,-0.100000,-0.111425,0.151769,0.200000,0.020119,0.016886,0.013697,0.249501,0.000000,-0.106133,0.155405,0.005995,0.118282,0.081846,0.121471,0.060568,0.000000,0.077964,0.044890,-0.010683,-0.182272,0.241768,-0.281232,-0.324298,-0.194526,-0.259527,0.144568,-0.306145,-0.370436,-0.285430,0.712995,-0.328360,-0.124078,-0.144061,0.718371,-0.172254,-0.093784,-0.096592,-0.133323,-0.087751,-0.077140,-0.228360,-0.024078,-0.167662,-0.225166,0.013509,-0.195559,0.066872,-0.087545,0.016152,-0.029014
80=90,0.000000,0.020317,0.014243,-0.100000,0.038462,-0.207980,-0.105745,0.122741,-0.201320,-0.025229,-0.190447,-0.157378,-0.223033,-0.191879,0.199248,0.293107,0.257114,0.174834,0.137857,-0.390076,-0.101366,-0.351654,-0.335929,-0.141930,-0.102626,-0.271167,-0.209946,0.146013,0.035057,0.000064,0.008213,0.028893,-0.192015,0.019364,-0.213237,0.113509,-0.095559,0.066872,0.012455,0.016152,-0.025229,0.096795,0.007324,0.136442,0.086411,0.120983,0.148633,0.147349,0.017950,-0.044850,-0.100000,-0.111425,0.151769,0.200000,0.020119,0.020317,0.014243,0.249501,0.000000,-0.106133,0.155405,0.005995,0.118282,0.081846,0.121471,0.073069,0.000000,0.077964,0.044890,-0.010683,-0.182272,0.241768,-0.281232,-0.324298,-0.194526,-0.259527,0.144568,-0.306145,-0.370436,-0.285430,0.712995,-0.328360,-0.124078,-0.144061,0.718371,-0.172254,-0.093784,-0.096592,-0.133323,-0.087751,-0.077140,-0.228360,-0.024078,-0.167662,-0.225166,0.013509,-0.195559,0.066872,-0.087545,0.016152,-0.028809
80=100,0.000000,0.020317,0.014243,-0.100000,0.038462,-0.207980,-0.105745,0.122741,-0.201320,-0.025229,-0.190447,-0.157378,-0.223033,-0.191879,0.199248,0.293107,0.257114,0.174834,0.137857,-0.390076,-0.101366,-0.351654,-0.335929,-0.141930,-0.102626,-0.271167,-0.209946,0.146013,0.035057,0.000064,0.008213,0.028893,-0.192015,0.019364,-0.213237,0.113509,-0.095559,0.066872,0.012455,0.016152,-0.025229,0.096795,0.007324,0.136442,0.086411,0.120983,0.148633,0.147349,0.017950,-0.044850,-0.100000,-0.111425,0.151769,0.200000,0.020119,0.020317,0.014243,0.249501,0.000000,-0.106133,0.155405,0.005995,0.118282,0.081846,0.121471,0.073069,0.000000,0.077964,0.044890,-0.010683,-0.182272,0.241768,-0.281232,-0.324298,-0.194526,-0.259527,0.144568,-0.306145,-0.370436,-0.285430,0.712995,-0.328360,-0.124078,-0.144061,0.718371,-0.172254,-0.093784,-0.096592,-0.133323,-0.087751,-0.077140,-0.228360,-0.024078,-0.167662,-0.225166,0.013509,-0.195559,0.066872,-0.087545,0.016152,-0.028809
90=100,0.000000,0.020317,0.014243,-0.100000,0.038462,-0.207980,-0.105745,0.122741,-0.201320,-0.025229,-0.190447,-0.157378,-0.223033,-0.191879,0.199248,0.293107,0.257114,0.174834,0.137857,-0.390076,-0.101366,-0.351654,-0.335929,-0.141930,-0.102626,-0.271167,-0.209946,0.146013,0.035057,0.000064,0.008213,0.028893,-0.192015,0.019364,-0.213237,0.113509,-0.095559,0.066872,0.012455,0.016152,-0.025229,0.096795,0.007324,0.136442,0.086411,0.120983,0.148633,0.147349,0.017950,-0.044850,-0.100000,-0.111425,0.151769,0.200000,0.020119,0.020317,0.014243,0.249501,0.000000,-0.106133,0.155405,0.006377,0.118282,0.081846,0.121471,0.073069,0.000000,0.077964,0.044890,-0.010683,-0.182272,0.241768,-0.281232,-0.324298,-0.194526,-0.259527,0.144568,-0.306145,-0.370436,-0.285430,0.712995,-0.328360,-0.124078,-0.144061,0.718371,-0.172254,-0.093784,-0.096592,-0.133323,-0.087751,-0.077140,-0.228360,-0.024078,-0.167662,-0.225166,0.013509,-0.195559,0.066872,-0.087545,0.016152,-0.028805
